Post Office,Set No.,Beat No.,Locality Name,Main Area Name,Pincode
Bhandup West So,1,1,ISHWAR NAGAR BHANDUP WEST,,400078
Bhandup West So,1,1,JANTA MARKET,CHOPRA CHAWL,400078
Bhandup West So,1,1,JANTA MARKET,CHOPRA BLDG,400078
Bhandup West So,1,1,JANTA MARKET,MAHENDRA SPLENDOUR,400078
Bhandup West So,1,1,JANTA MARKET,"G K W QUARTERS A,B,C,D,E,F,G",400078
Bhandup West So,1,1,MANGATRAM PETROL PUMP TO GANDHI NAGAR,RUNWAL FOREST BUILDING 8 TOWER,400078
Bhandup West So,1,1,OPPOSITE JANTA MARKET,,400078
Bhandup West So,1,2,BARJOR BAUG,FAIR,400078
Bhandup West So,1,2,BARJOR BAUG,DENA BANK,400078
Bhandup West So,1,2,BARJOR BAUG,MANGLA HOSPITAL,400078
Bhandup West So,1,2,BARJOR BAUG,SHIVKRUPA PATPEDHI,400078
Bhandup West So,1,2,BARJOR BAUG,FAIR SHOP,400078
Bhandup West So,1,2,GAUTAM UDYOG BHUVAN,,400078
Bhandup West So,1,2,NARVEKAR COMPOUND,,400078
Bhandup West So,1,2,VILLAGE ROAD,,400078
Bhandup West So,1,3,L.B.S MARG BHANDUP WEST,MANALI APT,400078
Bhandup West So,1,3,L.B.S MARG BHANDUP WEST,PIPERMENT WALA COMPOUND,400078
Bhandup West So,1,3,L.B.S MARG BHANDUP WEST,BHANDUP STATION ROAD,400078
Bhandup West So,1,3,L.B.S MARG BHANDUP WEST,DEVDARSHAN BUILDING,400078
Bhandup West So,1,3,L.B.S MARG BHANDUP WEST,GURUNANAK HIGH SCHOOL,400078
Bhandup West So,1,3,STATION ROAD,,400078
Bhandup West So,1,4,BHANDUP VILLAGE ROAD,KASTGURI VIDYALAYA,400078
Bhandup West So,1,4,BHANDUP VILLAGE ROAD,SHRIRAM VIDYALAYA,400078
Bhandup West So,1,4,BHANDUP VILLAGE ROAD,BHANDUP NIGHT HIGH SCHOOL,400078
Bhandup West So,1,4,BHANDUP VILLAGE ROAD,JANSEWA SANGH VIDYALAYA,400078
Bhandup West So,1,4,BHANDUP VILLAGE ROAD,SATYAM APARTMENT 6 FLOOR,400078
Bhandup West So,1,4,SUBHASH NAGAR,,400078
Bhandup West So,1,4,DATTA MANDIR ROAD,,400078
Bhandup West So,1,4,PUNJABI CHAWL,,400078
Bhandup West So,1,5,VILLAGE ROAD,SANTOSHI NAGAR SHOPLINE 1 TO 12,400078
Bhandup West So,1,5,VILLAGE ROAD,SANTOSHI NAGAR CHAWL 1 TO 7,400078
Bhandup West So,1,5,VILLAGE ROAD,"GANESH NIWAS A,B,C",400078
Bhandup West So,1,5,VILLAGE ROAD,BASANT BHUVAN,400078
Bhandup West So,1,5,VILLAGE ROAD,SAI DARSHAN SOCIETY SHOPLINE,400078
Bhandup West So,1,5,KHANDELWAL MARG,,400078
Bhandup West So,1,6,BHANDUP POLICE CHOWKI TO SONAPUR LINK ROAD,SHANGRILA BISCUIT COMPANY,400078
Bhandup West So,1,6,BHANDUP POLICE CHOWKI TO SONAPUR LINK ROAD,CORPORA BUILDING 6 FLOOR,400078
Bhandup West So,1,6,BHANDUP POLICE CHOWKI TO SONAPUR LINK ROAD,CORPORA SHOPLINE,400078
Bhandup West So,1,6,BHANDUP POLICE CHOWKI TO SONAPUR LINK ROAD,BHARAT INDUSTRIAL ESTATE,400078
Bhandup West So,1,6,BHANDUP POLICE CHOWKI TO SONAPUR LINK ROAD,FILIX TOWER 10 FLOORS,400078
Bhandup West So,1,7,"L.B.S. ROAD, BHANDUP WEST",GUARUDWARA ROYALS METAL,400078
Bhandup West So,1,7,"L.B.S. ROAD, BHANDUP WEST",RADHA BAUG 1 TO 15 GALA,400078
Bhandup West So,1,7,"L.B.S. ROAD, BHANDUP WEST",BHIM NAGAR ZOPADPATTI,400078
Bhandup West So,1,7,"L.B.S. ROAD, BHANDUP WEST",RIHAL COMPOUND 1 TO 30 GALA,400078
Bhandup West So,1,7,"L.B.S. ROAD, BHANDUP WEST",GALA SHOPPING LINE 1 TO 15,400078
Bhandup West So,1,8,LAKE ROAD,AVTAR VILLA,400078
Bhandup West So,1,8,LAKE ROAD,MANIK INDUSTRIAL COMPANY,400078
Bhandup West So,1,8,LAKE ROAD,MAHARASHTRA WINE SHOP,400078
Bhandup West So,1,8,LAKE ROAD,RAM KUTIR CHAWL,400078
Bhandup West So,1,8,LAKE ROAD,SARVODYA FORGING COMPANY,400078
Bhandup West So,1,8,TULSHIPADA,,400078
Bhandup West So,1,9,RAM NAGAR,PANCHAM SHETH CHAWL,400078
Bhandup West So,1,9,RAM NAGAR,LALA VAZIR,400078
Bhandup West So,1,9,RAM NAGAR,R K GUPTA CHAWL,400078
Bhandup West So,1,9,RAM NAGAR,SURAJ PURAN PANDEY CHAWL,400078
Bhandup West So,1,9,RAM NAGAR,ASHTVINAYAK SOCIETY,400078
Bhandup West So,1,9,KONDALKAR COMPOUND,,400078
Bhandup West So,1,9,RAVTE COMPOUND 1,,400078
Bhandup West So,1,9,RAVTE COMPOUND 2,,400078
Bhandup West So,1,9,RAVTE COMPOUND3,,400078
Bhandup West So,1,9,TANAJI WADI,,400078
Bhandup West So,1,10,GOVIND NAGAR,SHUKLA BHAVAN,400078
Bhandup West So,1,10,GOVIND NAGAR,NOOR MOHMMAD CHAWL,400078
Bhandup West So,1,10,GOVIND NAGAR,PUNJABI CHAWL,400078
Bhandup West So,1,10,GOVIND NAGAR,NITYANAND NIWAS,400078
Bhandup West So,1,10,GOVIND NAGAR,GAYAKWD SADAN,400078
Bhandup West So,1,10,ZHIPRA COMPD,,400078
Bhandup West So,1,10,GAVAND COMPD,,400078
Bhandup West So,1,10,VAIBHAV CHOWK,,400078
Bhandup West So,1,10,PANNALAL COMPOUND,,400078
Bhandup West So,1,10,TEMBHIPADA,,400078
Bhandup West So,1,10,PATKAR COMPOUND,,400078
Bhandup West So,1,10,MILIND NAGAR,,400078
Bhandup West So,1,10,"SIDDHARTHA NAGAR, GAONDEVI ROAD",,400078
Bhandup West So,1,11,GAONDEVI AREA,NEHA NEX BUILDING 7 FLOORS,400078
Bhandup West So,1,11,GAONDEVI AREA,PATULWADI ZOPADPATTI,400078
Bhandup West So,1,11,GAONDEVI AREA,ZAKARIA NIWAS ZOPADPATTI,400078
Bhandup West So,1,11,GAONDEVI AREA,ZAKARIA COMPANY GALA,400078
Bhandup West So,1,11,GAONDEVI AREA,ZAKARIYA SHOPLINE,400078
Bhandup West So,1,11,TEMBHIPADA,,400078
Bhandup West So,1,11,J.M. ROAD,,400078
Bhandup West So,1,12,BHATTIPADA,BABU SHETTY CHAWL,400078
Bhandup West So,1,12,BHATTIPADA,VIJAY SHANKAR SHUKLA CHAWL,400078
Bhandup West So,1,12,BHATTIPADA,RAM LAKHAN SHUKLA CHAWL,400078
Bhandup West So,1,12,BHATTIPADA,TULSI NIWAS/RAMA NIWAS,400078
Bhandup West So,1,12,BHATTIPADA,KADAM CHAWL,400078
Bhandup West So,1,12,KESHAVJI NAGAR,,400078
Bhandup West So,1,12,BHATTIPADA CROSS ROAD,,400078
Bhandup West So,1,12,JANGAL MANGAL ROAD,,400078
Bhandup West So,1,13,TANK ROAD,R.R.REALITY BUILDING 4 FLOOR,400078
Bhandup West So,1,13,TANK ROAD,WING 23 FLOORS,400078
Bhandup West So,1,13,TANK ROAD,R L A TOWER 4 FLOOR,400078
Bhandup West So,1,13,TANK ROAD,"VAKRATUND PALACE A,B WING",400078
Bhandup West So,1,13,TANK ROAD,DEVI MAHALAXMI COTTAGE,400078
Bhandup West So,1,13,GEETANJALI MARG,,400078
Bhandup West So,1,13,S.P.S. MARG,,400078
Bhandup West So,1,14,"J.M.ROAD, BHANDUP WEST",JAGRUTI BHARAT DARSHAN C.H.S.,400078
Bhandup West So,1,14,"J.M.ROAD, BHANDUP WEST",SHRI KRISHNA MAHAL,400078
Bhandup West So,1,14,"J.M.ROAD, BHANDUP WEST",MANGALDEEP C.H.S.,400078
Bhandup West So,1,14,"J.M.ROAD, BHANDUP WEST","GURKHA CHAWL 1,2,3",400078
Bhandup West So,1,14,"J.M.ROAD, BHANDUP WEST",SONAR CHAWL 2,400078
Bhandup West So,1,14,SARVODAYA NAGAR,,400078
Bhandup West So,1,14,SARVODAYA NAGAR II,,400078
Bhandup West So,1,14,"GANESH NAGAR, NAVJEEVAN LINE",,400078
Bhandup West So,1,14,ANAND NAGAR,,400078
Bhandup West So,1,14,SANMAN SINGH ROAD,,400078
Bhandup West So,1,15,GADHAV NAKA ASHOK KEDARE CHOUK,,400078
Bhandup West So,1,15,SAI VIHAR,SAMARTH VERNICA BLDG,400078
Bhandup West So,1,15,SAI VIHAR,NAVNEET SADAN BLDG-3,400078
Bhandup West So,1,15,SAI VIHAR,RAJARAM YADAV CHAWL,400078
Bhandup West So,1,15,SAI VIHAR,PATIRAM YADAV CHAWL,400078
Bhandup West So,1,15,SAI VIHAR,SUNDAR NIWAS,400078
Bhandup West So,1,15,RAMABAI AMBEDKAR NAGAR,,400078
Bhandup West So,1,15,SAI HILL,,400078
Bhandup West So,1,16,SAI HILL,SARVODAYA SHOPPING CENTER,400078
Bhandup West So,1,16,SAI HILL,OM SHRI SOCIETY,400078
Bhandup West So,1,16,SAI HILL,BAJARANG NIWAS,400078
Bhandup West So,1,16,SAI HILL,ANAND NIWAS,400078
Bhandup West So,1,16,SAI HILL,YASHODA SMRUTI CHAWL,400078
Bhandup West So,1,16,NARDAS NAGAR,,400078
Bhandup West So,1,16,KRANTI NAGAR,,400078
Bhandup West So,1,16,SHIVDARSHAN PATH,,400078
Bhandup West So,1,16,SHIVAJI NAGAR,,400078
Bhandup West So,1,16,GANESH NAGAR,,400078
Bhandup West So,1,17,JAIDEV SINGH NAGAR,KAML NIWAS CHAWL,400078
Bhandup West So,1,17,JAIDEV SINGH NAGAR,SUKH SAGAR SOC.,400078
Bhandup West So,1,17,JAIDEV SINGH NAGAR,ARUNODAY TOWER A WING,400078
Bhandup West So,1,17,JAIDEV SINGH NAGAR,ARUNODAY TOWER B WING,400078
Bhandup West So,1,17,JAIDEV SINGH NAGAR,HEEN NIKETAN BLDG ABC,400078
Bhandup West So,1,17,SAWANT COMPOUND,,400078
Bhandup West So,1,17,UTKARSH NAGAR,,400078
Bhandup West So,1,17,UTKARSH NAGAR (SOUTH),,400078
Bhandup West So,1,17,KOKAN NAGAR,,400078
Bhandup West So,1,18,MANGATRAM PETROL PUMP NO 1,,400078
Bhandup West So,1,18,MANGATRAM PETROL PUMP,ROBIN AUTO,400078
Bhandup West So,1,18,MANGATRAM PETROL PUMP,SAI WEIGHT BRIDGE,400078
Bhandup West So,1,18,MANGATRAM PETROL PUMP,JAI HIND OIL MILL COMPANY,400078
Bhandup West So,1,18,MANGATRAM PETROL PUMP,BOMBAY OIL MILLS CO.,400078
Bhandup West So,1,18,MANGATRAM PETROL PUMP,ADRAK COMPOUND,400078
Bhandup West So,1,18,KAJU TEKDI GANESH NAGAR,,400078
Bhandup West So,1,18,SAHYADRI NAGAR,,400078
Bhandup West So,1,18,SAMARTHA NAGAR,,400078
Bhandup West So,1,19,MAHARASHTRA NAGAR,UNDE NIWAS,400078
Bhandup West So,1,19,MAHARASHTRA NAGAR,THAKKAR NIWAS,400078
Bhandup West So,1,19,MAHARASHTRA NAGAR,NARAYAN NIWAS,400078
Bhandup West So,1,19,MAHARASHTRA NAGAR,KALPANA NIWAS,400078
Bhandup West So,1,19,MAHARASHTRA NAGAR,PANDURANG NIWAS,400078
Bhandup West So,1,19,JOKIM COMPOUND,,400078
Bhandup West So,1,19,PRATAP NAGAR,,400078
Bhandup West So,1,20,FUGAVALA COMPOUND,CHAWL NO 1 TO 9,400078
Bhandup West So,1,20,FUGAVALA COMPOUND,SHOPLINE 1 TO 22,400078
Bhandup West So,1,20,FUGAVALA COMPOUND,JAITUN BI ALI GOHAR CHAWL,400078
Bhandup West So,1,20,FUGAVALA COMPOUND,SHIVKRUPA SAHAKAR SADAN,400078
Bhandup West So,1,20,FUGAVALA COMPOUND,DUKAN LINE,400078
Bhandup West So,1,20,PATHAN COLONY,,400078
Bhandup West So,1,20,FARID NAGAR,,400078
Bhandup West So,1,21,FARID NAGAR,FARID CHAWL,400078
Bhandup West So,1,21,FARID NAGAR,AFJAL CHAWL,400078
Bhandup West So,1,21,FARID NAGAR,CHANDRA NIWAS,400078
Bhandup West So,1,21,FARID NAGAR,SHAM KUNG CHAWL,400078
Bhandup West So,1,21,FARID NAGAR,SHANKAR SADAN,400078
Bhandup West So,1,21,KAMBALE COMPOUND,,400078
Bhandup West So,1,21,MUNSHI MAHAL,,400078
Bhandup West So,1,21,HANUMAN NAGAR,,400078
Bhandup West So,1,21,ASHOK TEKDI,,400078
Bhandup West So,1,22,N.C. H COLONY,NAVAL CANTEEN,400078
Bhandup West So,1,22,N.C. H COLONY,ST XAVIERS SCHOOL,400078
Bhandup West So,1,22,N.C. H COLONY,NAVAL BUILDING,400078
Bhandup West So,1,22,N.C. H COLONY,BUILDING NO 152,400078
Bhandup West So,1,22,N.C. H COLONY,BUILDING NO 181,400078
Bhandup West So,1,23,MANGATRAM PETROL PUMP TO GANDHI NAGAR,MHADA COLONY BUILDING K - 4,400078
Bhandup West So,1,23,MANGATRAM PETROL PUMP TO GANDHI NAGAR,MHADA COLONY BUILDING K - 5,400078
Bhandup West So,1,23,MANGATRAM PETROL PUMP TO GANDHI NAGAR,MHADA COLONY BUILDING K - 6,400078
Bhandup West So,1,23,MANGATRAM PETROL PUMP TO GANDHI NAGAR,MHADA COLONY BUILDING K - 7,400078
Bhandup West So,1,23,MANGATRAM PETROL PUMP TO GANDHI NAGAR,MHADA COLONY BUILDING K - 8,400078
Bhandup West So,1,24,"L.B.S. ROAD, BHANDUP WEST",,400078
Bhandup West So,1,24,MULUND GOREGAON LINK ROAD,PANCHSHEEL NAGAR ZOPADPATTI,400078
Bhandup West So,1,24,MULUND GOREGAON LINK ROAD,VASUDEV CHAMBER 7 FLOOR,400078
Bhandup West So,1,24,MULUND GOREGAON LINK ROAD,VASUDEV HEIGHT 22 FLOOR,400078
Bhandup West So,1,24,MULUND GOREGAON LINK ROAD,RAJEEV GANDHI NAGAR ZOPADPATTI,400078
Bhandup West So,1,24,MULUND GOREGAON LINK ROAD,"PRATIK INDUSTRIAL ESTATE A,B",400078
Bhandup West So,1,24,SUBHASH NAGAR,,400078
Bhandup West So,1,24,SHELAR COMPOUND,,400078
Bhandup West So,1,24,MHADA COLONY,,400078
Bhandup West So,1,25,BHANDUP POLICE CHOWKI TO SONAPUR LINK ROAD,MUNAMA COMPOUND,400078
Bhandup West So,1,25,BHANDUP POLICE CHOWKI TO SONAPUR LINK ROAD,ABDUL MAJEED CHAWL,400078
Bhandup West So,1,25,BHANDUP POLICE CHOWKI TO SONAPUR LINK ROAD,UMAR COMPOUND,400078
Bhandup West So,1,25,BHANDUP POLICE CHOWKI TO SONAPUR LINK ROAD,SHAHNAWAZ MANJIL,400078
Bhandup West So,1,25,BHANDUP POLICE CHOWKI TO SONAPUR LINK ROAD,BARF WALI GALLI,400078
Bhandup West So,1,25,TULSHIPADA,,400078
Bhandup West So,1,25,PRAKASH NAGAR,,400078
Bhandup West So,1,25,DARGAH CROSS ROAD,,400078
Bhandup West So,1,25,MILLAT NAGAR,,400078
Bhandup West So,1,26,HAJARE CHAWL,SUSHILA NIWAS CHAWL,400078
Bhandup West So,1,26,HAJARE CHAWL,JADHAV CHAWL,400078
Bhandup West So,1,26,HAJARE CHAWL,BHOSLE CHAWL,400078
Bhandup West So,1,26,HAJARE CHAWL,MOHITE CHAWL,400078
Bhandup West So,1,26,HAJARE CHAWL,CHAVAN CHAWL,400078
Bhandup West So,1,26,SAMARTH SEWA MANDAL,,400078
Bhandup West So,1,26,RATNADIP SEVA SANGH,,400078
Bhandup West So,1,26,AMBYACHI BHARNI,,400078
