Name,Phone Number,post_office,locality,main_area,address,city,state,pincode
Aarav Sharma,9800000001,Bhandup West SO,JANTA MARKET,CHOPRA CHAWL,"CHOPRA CHAWL, JANTA MARKET, Bhandup West, Mumbai, Maharashtra 400078",Mumbai,Maharashtra,400078
Priya Patil,9800000002,Bhandup West SO,JANTA MARKET,CHOPRA BLDG,"CHOPRA BLDG, JANTA MARKET, Bhandup West, Mumbai, Maharashtra 400078",Mumbai,Maharashtra,400078
Rohan Deshmukh,9800000003,Bhandup West SO,JANTA MARKET,MAHENDRA SPLENDOUR,"MAHENDRA SPLENDOUR, JANTA MARKET, Bhandup West, Mumbai, Maharashtra 400078",Mumbai,Maharashtra,400078
Sneha Kulkarni,9800000004,Bhandup West SO,JANTA MARKET,"G K W QUARTERS A,B,C,D,E,F,G","G K W QUARTERS A,B,C,D,E,F,G, JANTA MARKET, Bhandup West, Mumbai, Maharashtra 400078",Mumbai,Maharashtra,400078
Aditya Joshi,9800000005,Bhandup West SO,MANGATRAM PETROL PUMP TO GANDHI NAGAR,RUNWAL FOREST BUILDING 8 TOWER,"RUNWAL FOREST BUILDING 8 TOWER, MANGATRAM PETROL PUMP TO GANDHI NAGAR, Bhandup West, Mumbai, Maharashtra 400078",Mumbai,Maharashtra,400078
Neha Pawar,9800000006,Bhandup West SO,BARJOR BAUG,FAIR,"FAIR, BARJOR BAUG, Bhandup West, Mumbai, Maharashtra 400078",Mumbai,Maharashtra,400078
Vikram Shinde,9800000007,Bhandup West SO,BARJOR BAUG,DENA BANK,"DENA BANK, BARJOR BAUG, Bhandup West, Mumbai, Maharashtra 400078",Mumbai,Maharashtra,400078
Pooja More,9800000008,Bhandup West SO,BARJOR BAUG,MANGLA HOSPITAL,"MANGLA HOSPITAL, BARJOR BAUG, Bhandup West, Mumbai, Maharashtra 400078",Mumbai,Maharashtra,400078
Rahul Jadhav,9800000009,Bhandup West SO,BARJOR BAUG,SHIVKRUPA PATPEDHI,"SHIVKRUPA PATPEDHI, BARJOR BAUG, Bhandup West, Mumbai, Maharashtra 400078",Mumbai,Maharashtra,400078
Ananya Mehta,9800000010,Bhandup West SO,BARJOR BAUG,FAIR SHOP,"FAIR SHOP, BARJOR BAUG, Bhandup West, Mumbai, Maharashtra 400078",Mumbai,Maharashtra,400078
Siddharth Gupta,9800000011,Bhandup West SO,L.B.S MARG BHANDUP WEST,MANALI APT,"MANALI APT, L.B.S MARG BHANDUP WEST, Bhandup West, Mumbai, Maharashtra 400078",Mumbai,Maharashtra,400078
Kavya Nair,9800000012,Bhandup West SO,L.B.S MARG BHANDUP WEST,PIPERMENT WALA COMPOUND,"PIPERMENT WALA COMPOUND, L.B.S MARG BHANDUP WEST, Bhandup West, Mumbai, Maharashtra 400078",Mumbai,Maharashtra,400078
Akash Sawant,9800000013,Bhandup West SO,L.B.S MARG BHANDUP WEST,BHANDUP STATION ROAD,"BHANDUP STATION ROAD, L.B.S MARG BHANDUP WEST, Bhandup West, Mumbai, Maharashtra 400078",Mumbai,Maharashtra,400078
Riya Chavan,9800000014,Bhandup West SO,L.B.S MARG BHANDUP WEST,DEVDARSHAN BUILDING,"DEVDARSHAN BUILDING, L.B.S MARG BHANDUP WEST, Bhandup West, Mumbai, Maharashtra 400078",Mumbai,Maharashtra,400078
Nikhil Bhosale,9800000015,Bhandup West SO,L.B.S MARG BHANDUP WEST,GURUNANAK HIGH SCHOOL,"GURUNANAK HIGH SCHOOL, L.B.S MARG BHANDUP WEST, Bhandup West, Mumbai, Maharashtra 400078",Mumbai,Maharashtra,400078
Isha Shah,9800000016,Bhandup West SO,BHANDUP VILLAGE ROAD,KASTGURI VIDYALAYA,"KASTGURI VIDYALAYA, BHANDUP VILLAGE ROAD, Bhandup West, Mumbai, Maharashtra 400078",Mumbai,Maharashtra,400078
Kunal Mishra,9800000017,Bhandup West SO,BHANDUP VILLAGE ROAD,SHRIRAM VIDYALAYA,"SHRIRAM VIDYALAYA, BHANDUP VILLAGE ROAD, Bhandup West, Mumbai, Maharashtra 400078",Mumbai,Maharashtra,400078
Tanvi Kadam,9800000018,Bhandup West SO,BHANDUP VILLAGE ROAD,BHANDUP NIGHT HIGH SCHOOL,"BHANDUP NIGHT HIGH SCHOOL, BHANDUP VILLAGE ROAD, Bhandup West, Mumbai, Maharashtra 400078",Mumbai,Maharashtra,400078
Yash Thakur,9800000019,Bhandup West SO,BHANDUP VILLAGE ROAD,JANSEWA SANGH VIDYALAYA,"JANSEWA SANGH VIDYALAYA, BHANDUP VILLAGE ROAD, Bhandup West, Mumbai, Maharashtra 400078",Mumbai,Maharashtra,400078
Simran Singh,9800000020,Bhandup West SO,BHANDUP VILLAGE ROAD,SATYAM APARTMENT 6 FLOOR,"SATYAM APARTMENT 6 FLOOR, BHANDUP VILLAGE ROAD, Bhandup West, Mumbai, Maharashtra 400078",Mumbai,Maharashtra,400078
Aarav Sharma,9800000021,Bhandup West SO,VILLAGE ROAD,SANTOSHI NAGAR SHOPLINE 1 TO 12,"SANTOSHI NAGAR SHOPLINE 1 TO 12, VILLAGE ROAD, Bhandup West, Mumbai, Maharashtra 400078",Mumbai,Maharashtra,400078
Priya Patil,9800000022,Bhandup West SO,VILLAGE ROAD,SANTOSHI NAGAR CHAWL 1 TO 7,"SANTOSHI NAGAR CHAWL 1 TO 7, VILLAGE ROAD, Bhandup West, Mumbai, Maharashtra 400078",Mumbai,Maharashtra,400078
Rohan Deshmukh,9800000023,Bhandup West SO,VILLAGE ROAD,"GANESH NIWAS A,B,C","GANESH NIWAS A,B,C, VILLAGE ROAD, Bhandup West, Mumbai, Maharashtra 400078",Mumbai,Maharashtra,400078
Sneha Kulkarni,9800000024,Bhandup West SO,VILLAGE ROAD,BASANT BHUVAN,"BASANT BHUVAN, VILLAGE ROAD, Bhandup West, Mumbai, Maharashtra 400078",Mumbai,Maharashtra,400078
Aditya Joshi,9800000025,Bhandup West SO,VILLAGE ROAD,SAI DARSHAN SOCIETY SHOPLINE,"SAI DARSHAN SOCIETY SHOPLINE, VILLAGE ROAD, Bhandup West, Mumbai, Maharashtra 400078",Mumbai,Maharashtra,400078
Neha Pawar,9800000026,Bhandup West SO,BHANDUP POLICE CHOWKI TO SONAPUR LINK ROAD,SHANGRILA BISCUIT COMPANY,"SHANGRILA BISCUIT COMPANY, BHANDUP POLICE CHOWKI TO SONAPUR LINK ROAD, Bhandup West, Mumbai, Maharashtra 400078",Mumbai,Maharashtra,400078
Vikram Shinde,9800000027,Bhandup West SO,BHANDUP POLICE CHOWKI TO SONAPUR LINK ROAD,CORPORA BUILDING 6 FLOOR,"CORPORA BUILDING 6 FLOOR, BHANDUP POLICE CHOWKI TO SONAPUR LINK ROAD, Bhandup West, Mumbai, Maharashtra 400078",Mumbai,Maharashtra,400078
Pooja More,9800000028,Bhandup West SO,BHANDUP POLICE CHOWKI TO SONAPUR LINK ROAD,CORPORA SHOPLINE,"CORPORA SHOPLINE, BHANDUP POLICE CHOWKI TO SONAPUR LINK ROAD, Bhandup West, Mumbai, Maharashtra 400078",Mumbai,Maharashtra,400078
Rahul Jadhav,9800000029,Bhandup West SO,BHANDUP POLICE CHOWKI TO SONAPUR LINK ROAD,BHARAT INDUSTRIAL ESTATE,"BHARAT INDUSTRIAL ESTATE, BHANDUP POLICE CHOWKI TO SONAPUR LINK ROAD, Bhandup West, Mumbai, Maharashtra 400078",Mumbai,Maharashtra,400078
Ananya Mehta,9800000030,Bhandup West SO,BHANDUP POLICE CHOWKI TO SONAPUR LINK ROAD,FILIX TOWER 10 FLOORS,"FILIX TOWER 10 FLOORS, BHANDUP POLICE CHOWKI TO SONAPUR LINK ROAD, Bhandup West, Mumbai, Maharashtra 400078",Mumbai,Maharashtra,400078
Siddharth Gupta,9800000031,Bhandup West SO,"L.B.S. ROAD, BHANDUP WEST",GUARUDWARA ROYALS METAL,"GUARUDWARA ROYALS METAL, L.B.S. ROAD, BHANDUP WEST, Bhandup West, Mumbai, Maharashtra 400078",Mumbai,Maharashtra,400078
Kavya Nair,9800000032,Bhandup West SO,"L.B.S. ROAD, BHANDUP WEST",RADHA BAUG 1 TO 15 GALA,"RADHA BAUG 1 TO 15 GALA, L.B.S. ROAD, BHANDUP WEST, Bhandup West, Mumbai, Maharashtra 400078",Mumbai,Maharashtra,400078
Akash Sawant,9800000033,Bhandup West SO,"L.B.S. ROAD, BHANDUP WEST",BHIM NAGAR ZOPADPATTI,"BHIM NAGAR ZOPADPATTI, L.B.S. ROAD, BHANDUP WEST, Bhandup West, Mumbai, Maharashtra 400078",Mumbai,Maharashtra,400078
Riya Chavan,9800000034,Bhandup West SO,"L.B.S. ROAD, BHANDUP WEST",RIHAL COMPOUND 1 TO 30 GALA,"RIHAL COMPOUND 1 TO 30 GALA, L.B.S. ROAD, BHANDUP WEST, Bhandup West, Mumbai, Maharashtra 400078",Mumbai,Maharashtra,400078
Nikhil Bhosale,9800000035,Bhandup West SO,"L.B.S. ROAD, BHANDUP WEST",GALA SHOPPING LINE 1 TO 15,"GALA SHOPPING LINE 1 TO 15, L.B.S. ROAD, BHANDUP WEST, Bhandup West, Mumbai, Maharashtra 400078",Mumbai,Maharashtra,400078
Isha Shah,9800000036,Bhandup West SO,LAKE ROAD,AVTAR VILLA,"AVTAR VILLA, LAKE ROAD, Bhandup West, Mumbai, Maharashtra 400078",Mumbai,Maharashtra,400078
Kunal Mishra,9800000037,Bhandup West SO,LAKE ROAD,MANIK INDUSTRIAL COMPANY,"MANIK INDUSTRIAL COMPANY, LAKE ROAD, Bhandup West, Mumbai, Maharashtra 400078",Mumbai,Maharashtra,400078
Tanvi Kadam,9800000038,Bhandup West SO,LAKE ROAD,MAHARASHTRA WINE SHOP,"MAHARASHTRA WINE SHOP, LAKE ROAD, Bhandup West, Mumbai, Maharashtra 400078",Mumbai,Maharashtra,400078
Yash Thakur,9800000039,Bhandup West SO,LAKE ROAD,RAM KUTIR CHAWL,"RAM KUTIR CHAWL, LAKE ROAD, Bhandup West, Mumbai, Maharashtra 400078",Mumbai,Maharashtra,400078
Simran Singh,9800000040,Bhandup West SO,LAKE ROAD,SARVODYA FORGING COMPANY,"SARVODYA FORGING COMPANY, LAKE ROAD, Bhandup West, Mumbai, Maharashtra 400078",Mumbai,Maharashtra,400078
Aarav Sharma,9800000041,Bhandup West SO,RAM NAGAR,PANCHAM SHETH CHAWL,"PANCHAM SHETH CHAWL, RAM NAGAR, Bhandup West, Mumbai, Maharashtra 400078",Mumbai,Maharashtra,400078
Priya Patil,9800000042,Bhandup West SO,RAM NAGAR,LALA VAZIR,"LALA VAZIR, RAM NAGAR, Bhandup West, Mumbai, Maharashtra 400078",Mumbai,Maharashtra,400078
Rohan Deshmukh,9800000043,Bhandup West SO,RAM NAGAR,R K GUPTA CHAWL,"R K GUPTA CHAWL, RAM NAGAR, Bhandup West, Mumbai, Maharashtra 400078",Mumbai,Maharashtra,400078
Sneha Kulkarni,9800000044,Bhandup West SO,RAM NAGAR,SURAJ PURAN PANDEY CHAWL,"SURAJ PURAN PANDEY CHAWL, RAM NAGAR, Bhandup West, Mumbai, Maharashtra 400078",Mumbai,Maharashtra,400078
Aditya Joshi,9800000045,Bhandup West SO,RAM NAGAR,ASHTVINAYAK SOCIETY,"ASHTVINAYAK SOCIETY, RAM NAGAR, Bhandup West, Mumbai, Maharashtra 400078",Mumbai,Maharashtra,400078
Neha Pawar,9800000046,Bhandup West SO,GOVIND NAGAR,SHUKLA BHAVAN,"SHUKLA BHAVAN, GOVIND NAGAR, Bhandup West, Mumbai, Maharashtra 400078",Mumbai,Maharashtra,400078
Vikram Shinde,9800000047,Bhandup West SO,GOVIND NAGAR,NOOR MOHMMAD CHAWL,"NOOR MOHMMAD CHAWL, GOVIND NAGAR, Bhandup West, Mumbai, Maharashtra 400078",Mumbai,Maharashtra,400078
Pooja More,9800000048,Bhandup West SO,GOVIND NAGAR,PUNJABI CHAWL,"PUNJABI CHAWL, GOVIND NAGAR, Bhandup West, Mumbai, Maharashtra 400078",Mumbai,Maharashtra,400078
Rahul Jadhav,9800000049,Bhandup West SO,GOVIND NAGAR,NITYANAND NIWAS,"NITYANAND NIWAS, GOVIND NAGAR, Bhandup West, Mumbai, Maharashtra 400078",Mumbai,Maharashtra,400078
Ananya Mehta,9800000050,Bhandup West SO,GOVIND NAGAR,GAYAKWD SADAN,"GAYAKWD SADAN, GOVIND NAGAR, Bhandup West, Mumbai, Maharashtra 400078",Mumbai,Maharashtra,400078
Siddharth Gupta,9800000051,Bhandup West SO,GAONDEVI AREA,NEHA NEX BUILDING 7 FLOORS,"NEHA NEX BUILDING 7 FLOORS, GAONDEVI AREA, Bhandup West, Mumbai, Maharashtra 400078",Mumbai,Maharashtra,400078
Kavya Nair,9800000052,Bhandup West SO,GAONDEVI AREA,PATULWADI ZOPADPATTI,"PATULWADI ZOPADPATTI, GAONDEVI AREA, Bhandup West, Mumbai, Maharashtra 400078",Mumbai,Maharashtra,400078
Akash Sawant,9800000053,Bhandup West SO,GAONDEVI AREA,ZAKARIA NIWAS ZOPADPATTI,"ZAKARIA NIWAS ZOPADPATTI, GAONDEVI AREA, Bhandup West, Mumbai, Maharashtra 400078",Mumbai,Maharashtra,400078
Riya Chavan,9800000054,Bhandup West SO,GAONDEVI AREA,ZAKARIA COMPANY GALA,"ZAKARIA COMPANY GALA, GAONDEVI AREA, Bhandup West, Mumbai, Maharashtra 400078",Mumbai,Maharashtra,400078
Nikhil Bhosale,9800000055,Bhandup West SO,GAONDEVI AREA,ZAKARIYA SHOPLINE,"ZAKARIYA SHOPLINE, GAONDEVI AREA, Bhandup West, Mumbai, Maharashtra 400078",Mumbai,Maharashtra,400078
Isha Shah,9800000056,Bhandup West SO,BHATTIPADA,BABU SHETTY CHAWL,"BABU SHETTY CHAWL, BHATTIPADA, Bhandup West, Mumbai, Maharashtra 400078",Mumbai,Maharashtra,400078
Kunal Mishra,9800000057,Bhandup West SO,BHATTIPADA,VIJAY SHANKAR SHUKLA CHAWL,"VIJAY SHANKAR SHUKLA CHAWL, BHATTIPADA, Bhandup West, Mumbai, Maharashtra 400078",Mumbai,Maharashtra,400078
Tanvi Kadam,9800000058,Bhandup West SO,BHATTIPADA,RAM LAKHAN SHUKLA CHAWL,"RAM LAKHAN SHUKLA CHAWL, BHATTIPADA, Bhandup West, Mumbai, Maharashtra 400078",Mumbai,Maharashtra,400078
Yash Thakur,9800000059,Bhandup West SO,BHATTIPADA,TULSI NIWAS/RAMA NIWAS,"TULSI NIWAS/RAMA NIWAS, BHATTIPADA, Bhandup West, Mumbai, Maharashtra 400078",Mumbai,Maharashtra,400078
Simran Singh,9800000060,Bhandup West SO,BHATTIPADA,KADAM CHAWL,"KADAM CHAWL, BHATTIPADA, Bhandup West, Mumbai, Maharashtra 400078",Mumbai,Maharashtra,400078
Aarav Sharma,9800000061,Bhandup West SO,TANK ROAD,R.R.REALITY BUILDING 4 FLOOR,"R.R.REALITY BUILDING 4 FLOOR, TANK ROAD, Bhandup West, Mumbai, Maharashtra 400078",Mumbai,Maharashtra,400078
Priya Patil,9800000062,Bhandup West SO,TANK ROAD,WING 23 FLOORS,"WING 23 FLOORS, TANK ROAD, Bhandup West, Mumbai, Maharashtra 400078",Mumbai,Maharashtra,400078
Rohan Deshmukh,9800000063,Bhandup West SO,TANK ROAD,R L A TOWER 4 FLOOR,"R L A TOWER 4 FLOOR, TANK ROAD, Bhandup West, Mumbai, Maharashtra 400078",Mumbai,Maharashtra,400078
Sneha Kulkarni,9800000064,Bhandup West SO,TANK ROAD,"VAKRATUND PALACE A,B WING","VAKRATUND PALACE A,B WING, TANK ROAD, Bhandup West, Mumbai, Maharashtra 400078",Mumbai,Maharashtra,400078
Aditya Joshi,9800000065,Bhandup West SO,TANK ROAD,DEVI MAHALAXMI COTTAGE,"DEVI MAHALAXMI COTTAGE, TANK ROAD, Bhandup West, Mumbai, Maharashtra 400078",Mumbai,Maharashtra,400078
Neha Pawar,9800000066,Bhandup West SO,"J.M.ROAD, BHANDUP WEST",JAGRUTI BHARAT DARSHAN C.H.S.,"JAGRUTI BHARAT DARSHAN C.H.S., J.M.ROAD, BHANDUP WEST, Bhandup West, Mumbai, Maharashtra 400078",Mumbai,Maharashtra,400078
Vikram Shinde,9800000067,Bhandup West SO,"J.M.ROAD, BHANDUP WEST",SHRI KRISHNA MAHAL,"SHRI KRISHNA MAHAL, J.M.ROAD, BHANDUP WEST, Bhandup West, Mumbai, Maharashtra 400078",Mumbai,Maharashtra,400078
Pooja More,9800000068,Bhandup West SO,"J.M.ROAD, BHANDUP WEST",MANGALDEEP C.H.S.,"MANGALDEEP C.H.S., J.M.ROAD, BHANDUP WEST, Bhandup West, Mumbai, Maharashtra 400078",Mumbai,Maharashtra,400078
Rahul Jadhav,9800000069,Bhandup West SO,"J.M.ROAD, BHANDUP WEST","GURKHA CHAWL 1,2,3","GURKHA CHAWL 1,2,3, J.M.ROAD, BHANDUP WEST, Bhandup West, Mumbai, Maharashtra 400078",Mumbai,Maharashtra,400078
Ananya Mehta,9800000070,Bhandup West SO,"J.M.ROAD, BHANDUP WEST",SONAR CHAWL 2,"SONAR CHAWL 2, J.M.ROAD, BHANDUP WEST, Bhandup West, Mumbai, Maharashtra 400078",Mumbai,Maharashtra,400078
Siddharth Gupta,9800000071,Bhandup West SO,SAI VIHAR,SAMARTH VERNICA BLDG,"SAMARTH VERNICA BLDG, SAI VIHAR, Bhandup West, Mumbai, Maharashtra 400078",Mumbai,Maharashtra,400078
Kavya Nair,9800000072,Bhandup West SO,SAI VIHAR,NAVNEET SADAN BLDG-3,"NAVNEET SADAN BLDG-3, SAI VIHAR, Bhandup West, Mumbai, Maharashtra 400078",Mumbai,Maharashtra,400078
Akash Sawant,9800000073,Bhandup West SO,SAI VIHAR,RAJARAM YADAV CHAWL,"RAJARAM YADAV CHAWL, SAI VIHAR, Bhandup West, Mumbai, Maharashtra 400078",Mumbai,Maharashtra,400078
Riya Chavan,9800000074,Bhandup West SO,SAI VIHAR,PATIRAM YADAV CHAWL,"PATIRAM YADAV CHAWL, SAI VIHAR, Bhandup West, Mumbai, Maharashtra 400078",Mumbai,Maharashtra,400078
Nikhil Bhosale,9800000075,Bhandup West SO,SAI VIHAR,SUNDAR NIWAS,"SUNDAR NIWAS, SAI VIHAR, Bhandup West, Mumbai, Maharashtra 400078",Mumbai,Maharashtra,400078
Isha Shah,9800000076,Bhandup West SO,SAI HILL,SARVODAYA SHOPPING CENTER,"SARVODAYA SHOPPING CENTER, SAI HILL, Bhandup West, Mumbai, Maharashtra 400078",Mumbai,Maharashtra,400078
Kunal Mishra,9800000077,Bhandup West SO,SAI HILL,OM SHRI SOCIETY,"OM SHRI SOCIETY, SAI HILL, Bhandup West, Mumbai, Maharashtra 400078",Mumbai,Maharashtra,400078
Tanvi Kadam,9800000078,Bhandup West SO,SAI HILL,BAJARANG NIWAS,"BAJARANG NIWAS, SAI HILL, Bhandup West, Mumbai, Maharashtra 400078",Mumbai,Maharashtra,400078
Yash Thakur,9800000079,Bhandup West SO,SAI HILL,ANAND NIWAS,"ANAND NIWAS, SAI HILL, Bhandup West, Mumbai, Maharashtra 400078",Mumbai,Maharashtra,400078
Simran Singh,9800000080,Bhandup West SO,SAI HILL,YASHODA SMRUTI CHAWL,"YASHODA SMRUTI CHAWL, SAI HILL, Bhandup West, Mumbai, Maharashtra 400078",Mumbai,Maharashtra,400078
Aarav Sharma,9800000081,Bhandup West SO,JAIDEV SINGH NAGAR,KAML NIWAS CHAWL,"KAML NIWAS CHAWL, JAIDEV SINGH NAGAR, Bhandup West, Mumbai, Maharashtra 400078",Mumbai,Maharashtra,400078
Priya Patil,9800000082,Bhandup West SO,JAIDEV SINGH NAGAR,SUKH SAGAR SOC.,"SUKH SAGAR SOC., JAIDEV SINGH NAGAR, Bhandup West, Mumbai, Maharashtra 400078",Mumbai,Maharashtra,400078
Rohan Deshmukh,9800000083,Bhandup West SO,JAIDEV SINGH NAGAR,ARUNODAY TOWER A WING,"ARUNODAY TOWER A WING, JAIDEV SINGH NAGAR, Bhandup West, Mumbai, Maharashtra 400078",Mumbai,Maharashtra,400078
Sneha Kulkarni,9800000084,Bhandup West SO,JAIDEV SINGH NAGAR,ARUNODAY TOWER B WING,"ARUNODAY TOWER B WING, JAIDEV SINGH NAGAR, Bhandup West, Mumbai, Maharashtra 400078",Mumbai,Maharashtra,400078
Aditya Joshi,9800000085,Bhandup West SO,JAIDEV SINGH NAGAR,HEEN NIKETAN BLDG ABC,"HEEN NIKETAN BLDG ABC, JAIDEV SINGH NAGAR, Bhandup West, Mumbai, Maharashtra 400078",Mumbai,Maharashtra,400078
Neha Pawar,9800000086,Bhandup West SO,MANGATRAM PETROL PUMP,ROBIN AUTO,"ROBIN AUTO, MANGATRAM PETROL PUMP, Bhandup West, Mumbai, Maharashtra 400078",Mumbai,Maharashtra,400078
Vikram Shinde,9800000087,Bhandup West SO,MANGATRAM PETROL PUMP,SAI WEIGHT BRIDGE,"SAI WEIGHT BRIDGE, MANGATRAM PETROL PUMP, Bhandup West, Mumbai, Maharashtra 400078",Mumbai,Maharashtra,400078
Pooja More,9800000088,Bhandup West SO,MANGATRAM PETROL PUMP,JAI HIND OIL MILL COMPANY,"JAI HIND OIL MILL COMPANY, MANGATRAM PETROL PUMP, Bhandup West, Mumbai, Maharashtra 400078",Mumbai,Maharashtra,400078
Rahul Jadhav,9800000089,Bhandup West SO,MANGATRAM PETROL PUMP,BOMBAY OIL MILLS CO.,"BOMBAY OIL MILLS CO., MANGATRAM PETROL PUMP, Bhandup West, Mumbai, Maharashtra 400078",Mumbai,Maharashtra,400078
Ananya Mehta,9800000090,Bhandup West SO,MANGATRAM PETROL PUMP,ADRAK COMPOUND,"ADRAK COMPOUND, MANGATRAM PETROL PUMP, Bhandup West, Mumbai, Maharashtra 400078",Mumbai,Maharashtra,400078
Siddharth Gupta,9800000091,Bhandup West SO,MAHARASHTRA NAGAR,UNDE NIWAS,"UNDE NIWAS, MAHARASHTRA NAGAR, Bhandup West, Mumbai, Maharashtra 400078",Mumbai,Maharashtra,400078
Kavya Nair,9800000092,Bhandup West SO,MAHARASHTRA NAGAR,THAKKAR NIWAS,"THAKKAR NIWAS, MAHARASHTRA NAGAR, Bhandup West, Mumbai, Maharashtra 400078",Mumbai,Maharashtra,400078
Akash Sawant,9800000093,Bhandup West SO,MAHARASHTRA NAGAR,NARAYAN NIWAS,"NARAYAN NIWAS, MAHARASHTRA NAGAR, Bhandup West, Mumbai, Maharashtra 400078",Mumbai,Maharashtra,400078
Riya Chavan,9800000094,Bhandup West SO,MAHARASHTRA NAGAR,KALPANA NIWAS,"KALPANA NIWAS, MAHARASHTRA NAGAR, Bhandup West, Mumbai, Maharashtra 400078",Mumbai,Maharashtra,400078
Nikhil Bhosale,9800000095,Bhandup West SO,MAHARASHTRA NAGAR,PANDURANG NIWAS,"PANDURANG NIWAS, MAHARASHTRA NAGAR, Bhandup West, Mumbai, Maharashtra 400078",Mumbai,Maharashtra,400078
Isha Shah,9800000096,Bhandup West SO,FUGAVALA COMPOUND,CHAWL NO 1 TO 9,"CHAWL NO 1 TO 9, FUGAVALA COMPOUND, Bhandup West, Mumbai, Maharashtra 400078",Mumbai,Maharashtra,400078
Kunal Mishra,9800000097,Bhandup West SO,FUGAVALA COMPOUND,SHOPLINE 1 TO 22,"SHOPLINE 1 TO 22, FUGAVALA COMPOUND, Bhandup West, Mumbai, Maharashtra 400078",Mumbai,Maharashtra,400078
Tanvi Kadam,9800000098,Bhandup West SO,FUGAVALA COMPOUND,JAITUN BI ALI GOHAR CHAWL,"JAITUN BI ALI GOHAR CHAWL, FUGAVALA COMPOUND, Bhandup West, Mumbai, Maharashtra 400078",Mumbai,Maharashtra,400078
Yash Thakur,9800000099,Bhandup West SO,FUGAVALA COMPOUND,SHIVKRUPA SAHAKAR SADAN,"SHIVKRUPA SAHAKAR SADAN, FUGAVALA COMPOUND, Bhandup West, Mumbai, Maharashtra 400078",Mumbai,Maharashtra,400078
Simran Singh,9800000100,Bhandup West SO,FUGAVALA COMPOUND,DUKAN LINE,"DUKAN LINE, FUGAVALA COMPOUND, Bhandup West, Mumbai, Maharashtra 400078",Mumbai,Maharashtra,400078
Aarav Sharma,9800000101,Bhandup West SO,FARID NAGAR,FARID CHAWL,"FARID CHAWL, FARID NAGAR, Bhandup West, Mumbai, Maharashtra 400078",Mumbai,Maharashtra,400078
Priya Patil,9800000102,Bhandup West SO,FARID NAGAR,AFJAL CHAWL,"AFJAL CHAWL, FARID NAGAR, Bhandup West, Mumbai, Maharashtra 400078",Mumbai,Maharashtra,400078
Rohan Deshmukh,9800000103,Bhandup West SO,FARID NAGAR,CHANDRA NIWAS,"CHANDRA NIWAS, FARID NAGAR, Bhandup West, Mumbai, Maharashtra 400078",Mumbai,Maharashtra,400078
Sneha Kulkarni,9800000104,Bhandup West SO,FARID NAGAR,SHAM KUNG CHAWL,"SHAM KUNG CHAWL, FARID NAGAR, Bhandup West, Mumbai, Maharashtra 400078",Mumbai,Maharashtra,400078
Aditya Joshi,9800000105,Bhandup West SO,FARID NAGAR,SHANKAR SADAN,"SHANKAR SADAN, FARID NAGAR, Bhandup West, Mumbai, Maharashtra 400078",Mumbai,Maharashtra,400078
Neha Pawar,9800000106,Bhandup West SO,N.C. H COLONY,NAVAL CANTEEN,"NAVAL CANTEEN, N.C. H COLONY, Bhandup West, Mumbai, Maharashtra 400078",Mumbai,Maharashtra,400078
Vikram Shinde,9800000107,Bhandup West SO,N.C. H COLONY,ST XAVIERS SCHOOL,"ST XAVIERS SCHOOL, N.C. H COLONY, Bhandup West, Mumbai, Maharashtra 400078",Mumbai,Maharashtra,400078
Pooja More,9800000108,Bhandup West SO,N.C. H COLONY,NAVAL BUILDING,"NAVAL BUILDING, N.C. H COLONY, Bhandup West, Mumbai, Maharashtra 400078",Mumbai,Maharashtra,400078
Rahul Jadhav,9800000109,Bhandup West SO,N.C. H COLONY,BUILDING NO 152,"BUILDING NO 152, N.C. H COLONY, Bhandup West, Mumbai, Maharashtra 400078",Mumbai,Maharashtra,400078
Ananya Mehta,9800000110,Bhandup West SO,N.C. H COLONY,BUILDING NO 181,"BUILDING NO 181, N.C. H COLONY, Bhandup West, Mumbai, Maharashtra 400078",Mumbai,Maharashtra,400078
Siddharth Gupta,9800000111,Bhandup West SO,MANGATRAM PETROL PUMP TO GANDHI NAGAR,MHADA COLONY BUILDING K - 4,"MHADA COLONY BUILDING K - 4, MANGATRAM PETROL PUMP TO GANDHI NAGAR, Bhandup West, Mumbai, Maharashtra 400078",Mumbai,Maharashtra,400078
Kavya Nair,9800000112,Bhandup West SO,MANGATRAM PETROL PUMP TO GANDHI NAGAR,MHADA COLONY BUILDING K - 5,"MHADA COLONY BUILDING K - 5, MANGATRAM PETROL PUMP TO GANDHI NAGAR, Bhandup West, Mumbai, Maharashtra 400078",Mumbai,Maharashtra,400078
Akash Sawant,9800000113,Bhandup West SO,MANGATRAM PETROL PUMP TO GANDHI NAGAR,MHADA COLONY BUILDING K - 6,"MHADA COLONY BUILDING K - 6, MANGATRAM PETROL PUMP TO GANDHI NAGAR, Bhandup West, Mumbai, Maharashtra 400078",Mumbai,Maharashtra,400078
Riya Chavan,9800000114,Bhandup West SO,MANGATRAM PETROL PUMP TO GANDHI NAGAR,MHADA COLONY BUILDING K - 7,"MHADA COLONY BUILDING K - 7, MANGATRAM PETROL PUMP TO GANDHI NAGAR, Bhandup West, Mumbai, Maharashtra 400078",Mumbai,Maharashtra,400078
Nikhil Bhosale,9800000115,Bhandup West SO,MANGATRAM PETROL PUMP TO GANDHI NAGAR,MHADA COLONY BUILDING K - 8,"MHADA COLONY BUILDING K - 8, MANGATRAM PETROL PUMP TO GANDHI NAGAR, Bhandup West, Mumbai, Maharashtra 400078",Mumbai,Maharashtra,400078
Isha Shah,9800000116,Bhandup West SO,MULUND GOREGAON LINK ROAD,PANCHSHEEL NAGAR ZOPADPATTI,"PANCHSHEEL NAGAR ZOPADPATTI, MULUND GOREGAON LINK ROAD, Bhandup West, Mumbai, Maharashtra 400078",Mumbai,Maharashtra,400078
Kunal Mishra,9800000117,Bhandup West SO,MULUND GOREGAON LINK ROAD,VASUDEV CHAMBER 7 FLOOR,"VASUDEV CHAMBER 7 FLOOR, MULUND GOREGAON LINK ROAD, Bhandup West, Mumbai, Maharashtra 400078",Mumbai,Maharashtra,400078
Tanvi Kadam,9800000118,Bhandup West SO,MULUND GOREGAON LINK ROAD,VASUDEV HEIGHT 22 FLOOR,"VASUDEV HEIGHT 22 FLOOR, MULUND GOREGAON LINK ROAD, Bhandup West, Mumbai, Maharashtra 400078",Mumbai,Maharashtra,400078
Yash Thakur,9800000119,Bhandup West SO,MULUND GOREGAON LINK ROAD,RAJEEV GANDHI NAGAR ZOPADPATTI,"RAJEEV GANDHI NAGAR ZOPADPATTI, MULUND GOREGAON LINK ROAD, Bhandup West, Mumbai, Maharashtra 400078",Mumbai,Maharashtra,400078
Simran Singh,9800000120,Bhandup West SO,MULUND GOREGAON LINK ROAD,"PRATIK INDUSTRIAL ESTATE A,B","PRATIK INDUSTRIAL ESTATE A,B, MULUND GOREGAON LINK ROAD, Bhandup West, Mumbai, Maharashtra 400078",Mumbai,Maharashtra,400078
Aarav Sharma,9800000121,Bhandup West SO,BHANDUP POLICE CHOWKI TO SONAPUR LINK ROAD,MUNAMA COMPOUND,"MUNAMA COMPOUND, BHANDUP POLICE CHOWKI TO SONAPUR LINK ROAD, Bhandup West, Mumbai, Maharashtra 400078",Mumbai,Maharashtra,400078
Priya Patil,9800000122,Bhandup West SO,BHANDUP POLICE CHOWKI TO SONAPUR LINK ROAD,ABDUL MAJEED CHAWL,"ABDUL MAJEED CHAWL, BHANDUP POLICE CHOWKI TO SONAPUR LINK ROAD, Bhandup West, Mumbai, Maharashtra 400078",Mumbai,Maharashtra,400078
Rohan Deshmukh,9800000123,Bhandup West SO,BHANDUP POLICE CHOWKI TO SONAPUR LINK ROAD,UMAR COMPOUND,"UMAR COMPOUND, BHANDUP POLICE CHOWKI TO SONAPUR LINK ROAD, Bhandup West, Mumbai, Maharashtra 400078",Mumbai,Maharashtra,400078
Sneha Kulkarni,9800000124,Bhandup West SO,BHANDUP POLICE CHOWKI TO SONAPUR LINK ROAD,SHAHNAWAZ MANJIL,"SHAHNAWAZ MANJIL, BHANDUP POLICE CHOWKI TO SONAPUR LINK ROAD, Bhandup West, Mumbai, Maharashtra 400078",Mumbai,Maharashtra,400078
Aditya Joshi,9800000125,Bhandup West SO,BHANDUP POLICE CHOWKI TO SONAPUR LINK ROAD,BARF WALI GALLI,"BARF WALI GALLI, BHANDUP POLICE CHOWKI TO SONAPUR LINK ROAD, Bhandup West, Mumbai, Maharashtra 400078",Mumbai,Maharashtra,400078
Neha Pawar,9800000126,Bhandup West SO,HAJARE CHAWL,SUSHILA NIWAS CHAWL,"SUSHILA NIWAS CHAWL, HAJARE CHAWL, Bhandup West, Mumbai, Maharashtra 400078",Mumbai,Maharashtra,400078
Vikram Shinde,9800000127,Bhandup West SO,HAJARE CHAWL,JADHAV CHAWL,"JADHAV CHAWL, HAJARE CHAWL, Bhandup West, Mumbai, Maharashtra 400078",Mumbai,Maharashtra,400078
Pooja More,9800000128,Bhandup West SO,HAJARE CHAWL,BHOSLE CHAWL,"BHOSLE CHAWL, HAJARE CHAWL, Bhandup West, Mumbai, Maharashtra 400078",Mumbai,Maharashtra,400078
Rahul Jadhav,9800000129,Bhandup West SO,HAJARE CHAWL,MOHITE CHAWL,"MOHITE CHAWL, HAJARE CHAWL, Bhandup West, Mumbai, Maharashtra 400078",Mumbai,Maharashtra,400078
Ananya Mehta,9800000130,Bhandup West SO,HAJARE CHAWL,CHAVAN CHAWL,"CHAVAN CHAWL, HAJARE CHAWL, Bhandup West, Mumbai, Maharashtra 400078",Mumbai,Maharashtra,400078
